[
  {
    "id": 1,
    "farmer_name": "Dr H RAMAKRISHNA",
    "state": "goa",
    "phone": "+919035922191",
    "problem_text": "my leaf getting ",
    "issue_category": "Soil Issues",
    "voice_language": "N/A",
    "date": "2025-12-07",
    "files": [
      {
        "filename": "07b85fe9865721d7f0760fdaa3b3782f",
        "originalname": "problem_pic",
        "mimetype": "image/jpeg"
      },
      {
        "filename": "beee3154ddd58ee43b914eca1f2d2bec",
        "originalname": "desc_pic",
        "mimetype": "image/jpeg"
      }
    ]
  }
]